model,holdout_mae,holdout_rmse,holdout_r2,holdout_mape,cv_mae,cv_rmse,cv_r2,cv_mape,test_months
LinearRegression,334.1541349164464,508.35839422314444,0.995802407957404,1.703977358204549,10145.464442816938,12664.632409429223,-3.859426324879196,58.27755851963255,"2023-03,2023-04,2023-05,2023-06,2023-07,2023-08"
DecisionTree,485.633615819605,802.2856214864548,0.9895451393827307,2.324107572967402,3084.238507812946,4393.395340291297,0.5777939079667817,16.441157067850142,"2023-03,2023-04,2023-05,2023-06,2023-07,2023-08"
RandomForest,489.96951110111587,756.5221161184126,0.9907038422063236,2.4275629945172272,2788.0405627318146,3829.3260804433994,0.6264893122850754,14.945542634781225,"2023-03,2023-04,2023-05,2023-06,2023-07,2023-08"
