{
  "city": "青岛",
  "generated_at": "2026-06-17 00:58:29",
  "raw_house_records": 19905,
  "clean_house_records": 19083,
  "raw_trend_samples": 190,
  "clean_trend_samples": 188,
  "default_before_outlier": {
    "metrics": {
      "mae": 426.24119140579353,
      "rmse": 617.6889884465422,
      "r2": 0.9940764051344075,
      "mape": 2.1974406492477905
    },
    "train_records": 136,
    "test_records": 54,
    "test_months": [
      "2023-03",
      "2023-04",
      "2023-05",
      "2023-06",
      "2023-07",
      "2023-08"
    ]
  },
  "default_after_outlier": {
    "metrics": {
      "mae": 489.96951110111587,
      "rmse": 756.5221161184124,
      "r2": 0.9907038422063236,
      "mape": 2.4275629945172272
    },
    "train_records": 134,
    "test_records": 54,
    "test_months": [
      "2023-03",
      "2023-04",
      "2023-05",
      "2023-06",
      "2023-07",
      "2023-08"
    ]
  },
  "model_comparison": [
    {
      "model": "LinearRegression",
      "holdout_mae": 334.1541349164,
      "holdout_rmse": 508.3583942231,
      "holdout_r2": 0.995802408,
      "holdout_mape": 1.7039773582,
      "cv_mae": 10145.4644428169,
      "cv_rmse": 12664.6324094292,
      "cv_r2": -3.8594263249,
      "cv_mape": 58.2775585196,
      "test_months": "2023-03,2023-04,2023-05,2023-06,2023-07,2023-08"
    },
    {
      "model": "DecisionTree",
      "holdout_mae": 485.6336158196,
      "holdout_rmse": 802.2856214865,
      "holdout_r2": 0.9895451394,
      "holdout_mape": 2.324107573,
      "cv_mae": 3084.2385078129,
      "cv_rmse": 4393.3953402913,
      "cv_r2": 0.577793908,
      "cv_mape": 16.4411570679,
      "test_months": "2023-03,2023-04,2023-05,2023-06,2023-07,2023-08"
    },
    {
      "model": "RandomForest",
      "holdout_mae": 489.9695111011,
      "holdout_rmse": 756.5221161184,
      "holdout_r2": 0.9907038422,
      "holdout_mape": 2.4275629945,
      "cv_mae": 2788.0405627318,
      "cv_rmse": 3829.3260804434,
      "cv_r2": 0.6264893123,
      "cv_mape": 14.9455426348,
      "test_months": "2023-03,2023-04,2023-05,2023-06,2023-07,2023-08"
    }
  ],
  "best_params": {
    "model__max_depth": null,
    "model__max_features": "sqrt",
    "model__min_samples_leaf": 1,
    "model__min_samples_split": 2,
    "model__n_estimators": 100
  },
  "optimized_random_forest": {
    "mae": 478.60173783987875,
    "rmse": 708.4993956305516,
    "r2": 0.9918465915760529,
    "mape": 2.399300040251703
  },
  "per_region_metrics": {
    "__ALL__": {
      "mae": 523.6539875187733,
      "rmse": 551.7509947645434,
      "r2": -0.6391887688657549,
      "mape": 3.234088445874668,
      "records": 6
    },
    "即墨": {
      "mae": 134.6311065196493,
      "rmse": 168.5256643444042,
      "r2": 0.16954193372187798,
      "mape": 1.3690051050126102,
      "records": 6
    },
    "城阳": {
      "mae": 163.59623070559488,
      "rmse": 196.62030338079717,
      "r2": -0.9888222385036729,
      "mape": 1.2356041489776097,
      "records": 6
    },
    "崂山": {
      "mae": 655.5135984715131,
      "rmse": 705.0443883564986,
      "r2": -1.026694571932914,
      "mape": 2.0678025712265016,
      "records": 6
    },
    "市北": {
      "mae": 183.40133740869229,
      "rmse": 250.6682148889796,
      "r2": -0.1081564023229209,
      "mape": 0.8435056163501332,
      "records": 6
    },
    "市南": {
      "mae": 1582.198262355813,
      "rmse": 1717.2565256014352,
      "r2": -3.706985719475802,
      "mape": 5.452953029399434,
      "records": 6
    },
    "李沧": {
      "mae": 577.9672046774394,
      "rmse": 662.4435815443646,
      "r2": -1.5046074642850429,
      "mape": 2.9724883077783164,
      "records": 6
    },
    "胶州": {
      "mae": 119.34152076140042,
      "rmse": 170.7183171231897,
      "r2": -0.006639893607591096,
      "mape": 1.4726161599874723,
      "records": 6
    },
    "黄岛": {
      "mae": 367.1123921400328,
      "rmse": 411.56357741148537,
      "r2": -0.714849672863431,
      "mape": 2.945636977658582,
      "records": 6
    }
  },
  "test_months": [
    "2023-03",
    "2023-04",
    "2023-05",
    "2023-06",
    "2023-07",
    "2023-08"
  ]
}