model,holdout_mae,holdout_rmse,holdout_r2,holdout_mape,test_months
RandomForest,218.10020680955935,386.73606519941865,0.994599398615502,2.2658055893016047,"2023-03,2023-04,2023-05,2023-06,2023-07,2023-08"
