model,cv_mae,cv_rmse,cv_r2,cv_r2_std
LinearRegression,3604.8983692401903,4932.469286313443,0.731263107935207,0.010568539042178578
RandomForest,3532.1039810490306,5011.964923662075,0.7226504230366179,0.0059440970151351325
DecisionTree,4403.995105692318,6359.734538607414,0.5532361840598864,0.015535604132069744
