model,cv_mae,cv_rmse,cv_r2,cv_r2_std
LinearRegression,1975.974996673892,2931.3562222350756,0.798631992248698,0.0023068450235384707
DecisionTree,2009.4041524013107,3085.900659565007,0.7767959988807955,0.0060055305071136785
RandomForest,2261.8309798973087,3313.4342127895843,0.7427437582928684,0.001676104958305439
